latitude,longitude,region,Lighting,Openness,Visibility,Public transport,Security,People,Safety Score
19.26200445412915,72.85437725531854,Borivali,None,Not open,No eyes,Nearby,Minimal,Some crowd,2.3
19.25662362825594,72.86236276085506,Borivali,Few,Partially open,Few eyes,Unavailable,Minimal,Few people,2.3
19.237097833550862,72.86857169452689,Borivali,Few,Partially open,Few eyes,Nearby,Moderate,Deserted,3.2
19.24682489621573,72.85754812024808,Borivali,Few,Mostly open,Few eyes,Unavailable,Moderate,Few people,3.2
19.22314895277891,72.84539221674387,Borivali,Few,Partially open,No eyes,Nearby,Moderate,Few people,3.2
19.25451717336648,72.83651914276024,Borivali,Moderate,Mostly open,Few eyes,Unavailable,Moderate,Deserted,3.2
19.262786256263716,72.8520340343301,Borivali,Few,Not open,No eyes,Unavailable,Minimal,Few people,1.4
19.226726962763067,72.84913131132627,Borivali,Few,Partially open,Few eyes,Nearby,None,Few people,2.7
19.228638377604312,72.83610009882524,Borivali,Moderate,Not open,No eyes,Distant,None,Some crowd,2.3
19.24579481494503,72.86406240122797,Borivali,Few,Not open,Few eyes,Nearby,Moderate,Deserted,2.7
19.23190788661853,72.85469166306146,Borivali,Few,Mostly open,Few eyes,Unavailable,Minimal,Few people,2.7
19.248345905722047,72.83549428210755,Borivali,Few,Mostly open,Few eyes,Nearby,None,Some crowd,3.6
19.23583747645254,72.85112439452364,Borivali,Moderate,Not open,No eyes,Nearby,Moderate,Deserted,2.7
19.23484813594,72.85243117580913,Borivali,Few,Partially open,No eyes,Distant,None,Few people,1.8
19.26529774834347,72.85781135334821,Borivali,Moderate,Not open,Few eyes,Distant,None,Some crowd,2.7
19.222648910264716,72.86644457164665,Borivali,Moderate,Not open,No eyes,Nearby,None,Few people,2.3
19.261664024849274,72.85123092104645,Borivali,None,Not open,Few eyes,Nearby,Minimal,Few people,2.3
19.21421606674184,72.84120046308712,Borivali,None,Not open,No eyes,Nearby,Moderate,Few people,2.3
19.249042146109883,72.84676052714393,Borivali,Moderate,Not open,Few eyes,Distant,Moderate,Few people,3.2
19.253311414120688,72.86034190217049,Borivali,Few,Partially open,No eyes,Unavailable,None,Deserted,0.9
19.23720646516019,72.86604090561814,Borivali,None,Partially open,No eyes,Distant,None,Some crowd,1.8
19.22151258355859,72.8418070578748,Borivali,None,Mostly open,No eyes,Nearby,Minimal,Deserted,2.3
19.249939038630263,72.86523546777667,Borivali,None,Mostly open,No eyes,Unavailable,Moderate,Some crowd,2.7
19.259628307296577,72.8370540438909,Borivali,Moderate,Mostly open,Few eyes,Distant,Moderate,Deserted,3.6
19.245600254929272,72.84418352791496,Borivali,None,Not open,No eyes,Distant,None,Few people,0.9
19.223874717726574,72.86314770694419,Borivali,None,Partially open,No eyes,Distant,Minimal,Few people,1.8
19.246179998050238,72.86100231686228,Borivali,Moderate,Not open,No eyes,Unavailable,None,Some crowd,1.8
19.266427873785755,72.86249329230802,Borivali,None,Mostly open,No eyes,Distant,Minimal,Deserted,1.8
19.228249270864936,72.84943693858963,Borivali,None,Mostly open,Few eyes,Nearby,None,Deserted,2.3
19.21588484793684,72.84265297573562,Borivali,None,Partially open,Few eyes,Distant,Minimal,Deserted,1.8
19.251339018236465,72.85125375465745,Borivali,None,Mostly open,Few eyes,Distant,None,Some crowd,2.7
19.255992313171525,72.83825190674392,Borivali,None,Not open,Few eyes,Unavailable,Moderate,Few people,1.8
19.25632248833613,72.842806501852,Borivali,Moderate,Not open,No eyes,Distant,Moderate,Few people,2.7
19.26179082094681,72.84345692326627,Borivali,Few,Mostly open,No eyes,Unavailable,Moderate,Some crowd,3.2
19.229531995824544,72.86400528734173,Borivali,Few,Mostly open,Few eyes,Unavailable,Moderate,Some crowd,3.6
19.22939361551637,72.84191941620797,Borivali,Moderate,Partially open,Few eyes,Distant,Moderate,Deserted,3.2
19.245692012572118,72.86552060656695,Borivali,Moderate,Not open,No eyes,Unavailable,Minimal,Deserted,1.4
19.23095334288224,72.86597614168387,Borivali,Moderate,Partially open,No eyes,Nearby,Moderate,Deserted,3.2
19.240970612402723,72.86272910678763,Borivali,Few,Partially open,No eyes,Unavailable,None,Some crowd,1.8
19.25833619274806,72.85373037290027,Borivali,Moderate,Partially open,No eyes,Unavailable,Minimal,Few people,2.3
19.24862734700256,72.85710674458177,Borivali,Moderate,Partially open,No eyes,Unavailable,Minimal,Some crowd,2.7
19.249027197530516,72.84562061746641,Borivali,Moderate,Mostly open,Few eyes,Nearby,None,Deserted,3.2
19.268706686457307,72.84848719143484,Borivali,None,Not open,No eyes,Nearby,None,Few people,1.4
19.243695503805903,72.84643046930657,Borivali,Few,Mostly open,No eyes,Nearby,None,Deserted,2.3
19.264575697811345,72.85472533451843,Borivali,None,Not open,No eyes,Distant,Minimal,Few people,1.4
19.213351639410423,72.84970733966946,Borivali,Moderate,Partially open,Few eyes,Distant,None,Deserted,2.3
19.254587186411086,72.84390189270768,Borivali,Few,Not open,No eyes,Distant,Minimal,Deserted,1.4
19.231468668232857,72.85778413327336,Borivali,Moderate,Not open,No eyes,Nearby,Minimal,Few people,2.7
19.23866886335704,72.84402558335582,Borivali,Few,Partially open,Few eyes,Distant,Minimal,Few people,2.7
19.246366310223877,72.86010268839972,Borivali,Moderate,Partially open,No eyes,Unavailable,Minimal,Deserted,1.8
19.230902413572053,72.85692637291795,Borivali,None,Not open,Few eyes,Distant,None,Some crowd,1.8
19.21001695656877,72.8595387357313,Borivali,Few,Mostly open,No eyes,Nearby,None,Few people,2.7
19.25682249070481,72.86531082209456,Borivali,Moderate,Not open,Few eyes,Nearby,Minimal,Deserted,2.7
19.262404042505317,72.83945453334942,Borivali,None,Mostly open,No eyes,Unavailable,Moderate,Few people,2.3
19.267487227694144,72.85803231755146,Borivali,None,Partially open,Few eyes,Unavailable,Moderate,Few people,2.3
19.258796460535137,72.84284917519857,Borivali,Moderate,Partially open,Few eyes,Nearby,Minimal,Some crowd,4.1
19.25919063933832,72.84794757754374,Borivali,Moderate,Partially open,No eyes,Nearby,Moderate,Some crowd,4.1
19.23208916143161,72.86593119035989,Borivali,Few,Mostly open,Few eyes,Unavailable,Moderate,Deserted,2.7
19.23533433401888,72.85446147199521,Borivali,None,Mostly open,Few eyes,Distant,Moderate,Deserted,2.7
19.256350430593464,72.84783653785773,Borivali,Few,Mostly open,Few eyes,Distant,Moderate,Some crowd,4.1
19.251185083490043,72.86505678282809,Borivali,Moderate,Partially open,No eyes,Nearby,None,Few people,2.7
19.2188258000678,72.85722171000845,Borivali,Moderate,Mostly open,Few eyes,Distant,Minimal,Deserted,3.2
19.217773914695407,72.85840253756747,Borivali,Moderate,Partially open,Few eyes,Unavailable,Moderate,Some crowd,3.6
19.241039280871306,72.83602153779549,Borivali,None,Partially open,No eyes,Unavailable,None,Few people,0.9
19.257320231419012,72.84544794630443,Borivali,Few,Partially open,Few eyes,Distant,Minimal,Some crowd,3.2
19.267969703550577,72.86752632855199,Borivali,None,Mostly open,No eyes,Distant,Moderate,Few people,2.7
19.244067062914212,72.83787414600111,Borivali,None,Not open,Few eyes,Nearby,Minimal,Some crowd,2.7
19.23277054600089,72.86168905924067,Borivali,None,Not open,No eyes,Distant,Minimal,Some crowd,1.8
19.258641681493028,72.83721700499576,Borivali,Few,Not open,No eyes,Unavailable,Minimal,Some crowd,1.8
19.2429685663287,72.85184287403591,Borivali,None,Partially open,Few eyes,Unavailable,Moderate,Some crowd,2.7
19.24779401374857,72.84806099775166,Borivali,Few,Mostly open,Few eyes,Distant,Moderate,Some crowd,4.1
19.211862793573754,72.8449132183907,Borivali,Moderate,Not open,Few eyes,Unavailable,Minimal,Deserted,1.8
19.223473331562214,72.86657614233847,Borivali,Moderate,Not open,Few eyes,Distant,None,Some crowd,2.7
19.24576020896389,72.8588255612594,Borivali,Few,Not open,Few eyes,Unavailable,None,Some crowd,1.8
19.244646843267603,72.84741802757596,Borivali,Few,Partially open,Few eyes,Nearby,None,Few people,2.7
19.255995209642577,72.86818268352698,Borivali,None,Partially open,No eyes,Unavailable,Minimal,Deserted,0.9
19.232808455060965,72.85811610809903,Borivali,None,Partially open,Few eyes,Distant,Moderate,Deserted,2.3
19.219028420146657,72.86430671573483,Borivali,Few,Mostly open,No eyes,Nearby,Moderate,Some crowd,4.1
19.240014967073964,72.84185255339027,Borivali,None,Not open,No eyes,Distant,None,Some crowd,1.4
19.262142853632312,72.84195275178483,Borivali,None,Partially open,Few eyes,Distant,None,Deserted,1.4
19.2325834071675,72.86755309818568,Borivali,None,Not open,No eyes,Unavailable,None,Few people,0.5
19.24160829995765,72.86477518762516,Borivali,Few,Partially open,No eyes,Unavailable,Minimal,Few people,1.8
19.241567310680576,72.84561337737625,Borivali,None,Partially open,Few eyes,Distant,Minimal,Few people,2.3
19.21612743099845,72.85641058566812,Borivali,Few,Mostly open,No eyes,Distant,Moderate,Some crowd,3.6
19.23050049649209,72.85379917861917,Borivali,Moderate,Partially open,Few eyes,Distant,None,Deserted,2.3
19.25692513856245,72.8613635087479,Borivali,Moderate,Not open,Few eyes,Unavailable,None,Few people,1.8
19.2513790887887,72.86584041292755,Borivali,Moderate,Not open,Few eyes,Nearby,Moderate,Few people,3.6
19.233861227277075,72.83719217712856,Borivali,Moderate,Not open,Few eyes,Nearby,None,Deserted,2.3
19.2694386018842,72.85641171134593,Borivali,None,Partially open,No eyes,Unavailable,Moderate,Few people,1.8
19.231761760214305,72.86089535510793,Borivali,None,Not open,No eyes,Distant,Moderate,Deserted,1.4
19.254056778450277,72.85039472560558,Borivali,Moderate,Partially open,No eyes,Distant,None,Some crowd,2.7
19.256479974738333,72.83587950508353,Borivali,Moderate,Not open,No eyes,Distant,Moderate,Some crowd,3.2
19.23006902218765,72.84685129202092,Borivali,Moderate,Not open,Few eyes,Unavailable,Moderate,Few people,2.7
19.24540163708721,72.86063223734261,Borivali,Few,Partially open,No eyes,Unavailable,Minimal,Deserted,1.4
19.248322008664942,72.84597938730953,Borivali,Moderate,Partially open,No eyes,Nearby,None,Some crowd,3.2
19.238659104370296,72.85443128700952,Borivali,None,Not open,Few eyes,Distant,None,Deserted,0.9
19.258237963801832,72.83604920970527,Borivali,None,Partially open,Few eyes,Nearby,Minimal,Few people,2.7
19.223320310186185,72.83610198128028,Borivali,None,Partially open,Few eyes,Nearby,Minimal,Deserted,2.3
19.26859757600592,72.83776563258384,Borivali,None,Not open,No eyes,Distant,None,Some crowd,1.4
19.23128405405625,72.86029089696477,Borivali,Moderate,Not open,No eyes,Nearby,Minimal,Some crowd,3.2
19.151462976456237,72.96398180929943,Bhandup,None,Not open,No eyes,Unavailable,Minimal,Some crowd,1.4
19.13158966547745,72.94823753243965,Bhandup,None,Partially open,No eyes,Nearby,Moderate,Some crowd,3.2
19.14655282829972,72.95651713273948,Bhandup,Few,Not open,No eyes,Distant,Minimal,Some crowd,2.3
19.13591734096592,72.95104752843542,Bhandup,None,Mostly open,No eyes,Distant,Minimal,Deserted,1.8
19.1511373546148,72.96174134860237,Bhandup,Moderate,Partially open,No eyes,Distant,Moderate,Deserted,2.7
19.17626007433198,72.96538546024092,Bhandup,Few,Mostly open,Few eyes,Unavailable,Moderate,Few people,3.2
19.17715195141947,72.9614366342342,Bhandup,Few,Partially open,No eyes,Nearby,Moderate,Few people,3.2
19.15331154129586,72.95122298506536,Bhandup,Moderate,Not open,Few eyes,Unavailable,None,Few people,1.8
19.17713452452171,72.97827903802212,Bhandup,None,Not open,No eyes,Unavailable,Moderate,Deserted,0.9
19.171958395785783,72.96737772018315,Bhandup,None,Not open,No eyes,Nearby,Moderate,Few people,2.3
19.13067804061323,72.98212380815507,Bhandup,Moderate,Not open,Few eyes,Distant,Minimal,Few people,2.7
19.155891182763504,72.94380844789848,Bhandup,Few,Mostly open,Few eyes,Distant,Moderate,Deserted,3.2
19.134108968559463,72.97655148050407,Bhandup,Moderate,Partially open,No eyes,Distant,Moderate,Some crowd,3.6
19.131258379504192,72.96196196162104,Bhandup,None,Not open,Few eyes,Nearby,Moderate,Few people,2.7
19.160012272746187,72.94668541640064,Bhandup,None,Not open,No eyes,Unavailable,Minimal,Deserted,0.5
19.13256227878789,72.9724393921984,Bhandup,Few,Partially open,No eyes,Unavailable,None,Few people,1.4
19.136408065954253,72.96538369244603,Bhandup,None,Mostly open,Few eyes,Distant,Moderate,Some crowd,3.6
19.1582681738088,72.98826195334311,Bhandup,None,Partially open,No eyes,Distant,None,Few people,1.4
19.13485509918691,72.96324635518249,Bhandup,None,Partially open,Few eyes,Nearby,None,Few people,2.3
19.168114594016487,72.93764064985697,Bhandup,Moderate,Mostly open,Few eyes,Nearby,None,Some crowd,4.1
19.162841009261417,72.97908820275035,Bhandup,Moderate,Partially open,No eyes,Nearby,Moderate,Some crowd,4.1
19.148044178925996,72.96100844796246,Bhandup,Few,Not open,Few eyes,Nearby,None,Deserted,1.8
19.171327580024357,72.9789696318746,Bhandup,Few,Not open,No eyes,Nearby,Minimal,Some crowd,2.7
19.143714163453403,72.97880922829013,Bhandup,None,Mostly open,Few eyes,Nearby,Moderate,Few people,3.6
19.177234868099045,72.97741893238182,Bhandup,Moderate,Not open,No eyes,Distant,Moderate,Few people,2.7
19.136903917152075,72.98455511249833,Bhandup,Moderate,Partially open,No eyes,Distant,Moderate,Some crowd,3.6
19.16211965938271,72.95739440070254,Bhandup,Few,Partially open,Few eyes,Unavailable,None,Some crowd,2.3
19.1554004403858,72.97321595085268,Bhandup,Few,Not open,Few eyes,Distant,None,Few people,1.8
19.173259744964884,72.97693863672141,Bhandup,None,Mostly open,Few eyes,Distant,Minimal,Few people,2.7
19.138765016901644,72.95465020215127,Bhandup,Moderate,Mostly open,No eyes,Nearby,Moderate,Some crowd,4.5
19.1488873935652,72.93985455516521,Bhandup,Few,Mostly open,Few eyes,Unavailable,Moderate,Some crowd,3.6
19.161661458905375,72.95714397819584,Bhandup,Moderate,Partially open,No eyes,Nearby,Moderate,Few people,3.6
19.13330718754605,72.9456231950935,Bhandup,Few,Mostly open,No eyes,Unavailable,None,Some crowd,2.3
19.1594881158036,72.98420089672491,Bhandup,None,Partially open,No eyes,Distant,None,Few people,1.4
19.13041876131233,72.97424997393942,Bhandup,Few,Not open,No eyes,Nearby,None,Some crowd,2.3
19.156557736531976,72.94610260338538,Bhandup,None,Not open,Few eyes,Distant,Moderate,Few people,2.3
19.177938381607326,72.98202986147773,Bhandup,Few,Partially open,Few eyes,Distant,Minimal,Some crowd,3.2
19.158978461696154,72.96149247884955,Bhandup,Moderate,Partially open,No eyes,Distant,Moderate,Some crowd,3.6
19.1494995847721,72.9552218950035,Bhandup,Few,Not open,Few eyes,Nearby,Moderate,Few people,3.2
19.17551910513381,72.96255639206443,Bhandup,None,Not open,Few eyes,Unavailable,Minimal,Deserted,0.9
19.16209787201326,72.96202449291684,Bhandup,Moderate,Mostly open,No eyes,Nearby,Minimal,Few people,3.6
19.140964711391334,72.98573297402332,Bhandup,Moderate,Partially open,No eyes,Unavailable,Moderate,Few people,2.7
19.13685465014482,72.95244016256483,Bhandup,None,Mostly open,Few eyes,Distant,Moderate,Few people,3.2
19.15430919980104,72.98483028507036,Bhandup,None,Partially open,Few eyes,Nearby,Minimal,Some crowd,3.2
19.137449802300004,72.93997096602551,Bhandup,None,Mostly open,Few eyes,Distant,Minimal,Some crowd,3.2
19.13417480981032,72.94338817044293,Bhandup,None,Mostly open,No eyes,Nearby,None,Deserted,1.8
19.161872764692266,72.98951714737512,Bhandup,Few,Not open,Few eyes,Nearby,Minimal,Some crowd,3.2
19.1474156298344,72.93661959825367,Bhandup,None,Partially open,Few eyes,Unavailable,None,Few people,1.4
19.17038507072075,72.9466061135971,Bhandup,None,Partially open,No eyes,Distant,Moderate,Some crowd,2.7
19.155780140994715,72.98918608657046,Bhandup,None,Not open,No eyes,Unavailable,Minimal,Deserted,0.5
19.17902283145557,72.95955176512287,Bhandup,Moderate,Partially open,No eyes,Nearby,None,Deserted,2.3
19.154192763507226,72.98845715922025,Bhandup,Moderate,Not open,Few eyes,Unavailable,None,Few people,1.8
19.14264847058432,72.94452185039127,Bhandup,None,Not open,No eyes,Unavailable,Minimal,Few people,0.9
19.177082828193008,72.9876958082249,Bhandup,Few,Mostly open,No eyes,Unavailable,Moderate,Few people,2.7
19.130939518390623,72.93526919722528,Bhandup,Moderate,Not open,Few eyes,Unavailable,Moderate,Few people,2.7
19.1580300215482,72.98522982829536,Bhandup,Few,Mostly open,No eyes,Distant,None,Few people,2.3
19.13168047804248,72.98255382748236,Bhandup,Moderate,Partially open,No eyes,Nearby,None,Few people,2.7
19.155178587786324,72.93466248663947,Bhandup,Moderate,Partially open,Few eyes,Unavailable,Moderate,Some crowd,3.6
19.15239357005454,72.9444750510357,Bhandup,Few,Not open,No eyes,Nearby,Minimal,Deserted,1.8
19.1463083326669,72.98913868418457,Bhandup,None,Partially open,No eyes,Unavailable,Moderate,Few people,1.8
19.143950874211797,72.94389716043634,Bhandup,Few,Mostly open,No eyes,Distant,Moderate,Some crowd,3.6
19.13682204486269,72.94792284145153,Bhandup,Moderate,Partially open,No eyes,Unavailable,Moderate,Some crowd,3.2
19.14867852175613,72.96021791136911,Bhandup,Few,Not open,No eyes,Distant,Moderate,Deserted,1.8
19.17776509101052,72.95086859752857,Bhandup,Few,Not open,No eyes,Nearby,None,Deserted,1.4
19.175022208218472,72.96919748521341,Bhandup,Moderate,Not open,No eyes,Unavailable,None,Some crowd,1.8
19.150025386938932,72.93769652645187,Bhandup,Moderate,Partially open,No eyes,Nearby,None,Few people,2.7
19.144315765202315,72.98879333764954,Bhandup,Few,Not open,Few eyes,Unavailable,Moderate,Few people,2.3
19.176600328999644,72.96489657346203,Bhandup,Moderate,Partially open,Few eyes,Distant,None,Some crowd,3.2
19.15937077253875,72.97437090843188,Bhandup,None,Partially open,No eyes,Distant,None,Deserted,0.9
19.13689355402075,72.9320894271217,Bhandup,Moderate,Partially open,Few eyes,Nearby,Moderate,Few people,4.1
19.15972348855285,72.97995204776304,Bhandup,None,Partially open,No eyes,Nearby,None,Some crowd,2.3
19.141615844659647,72.97421931451338,Bhandup,None,Mostly open,No eyes,Distant,Minimal,Deserted,1.8
19.139528893888546,72.95089410726497,Bhandup,Moderate,Partially open,Few eyes,Distant,Moderate,Deserted,3.2
19.17099143791101,72.94318430743091,Bhandup,Few,Partially open,Few eyes,Unavailable,Moderate,Few people,2.7
19.14649118293357,72.93408294124636,Bhandup,None,Mostly open,Few eyes,Unavailable,Moderate,Some crowd,3.2
19.14986673098663,72.94707239100114,Bhandup,Moderate,Not open,No eyes,Nearby,None,Some crowd,2.7
19.13186998349569,72.95451301023833,Bhandup,Few,Not open,Few eyes,Distant,None,Some crowd,2.3
19.17565633036591,72.96517958194384,Bhandup,None,Mostly open,No eyes,Distant,Moderate,Deserted,2.3
19.14011870842352,72.9711355013639,Bhandup,Few,Mostly open,Few eyes,Nearby,Minimal,Some crowd,4.1
19.147481615081308,72.96442170840342,Bhandup,Few,Mostly open,Few eyes,Unavailable,Minimal,Few people,2.7
19.13453763122629,72.97810897060715,Bhandup,Moderate,Mostly open,Few eyes,Distant,Moderate,Few people,4.1
19.14397580566825,72.9731022485903,Bhandup,Moderate,Not open,No eyes,Distant,Moderate,Deserted,2.3
19.15288228654948,72.97033778922957,Bhandup,Moderate,Partially open,Few eyes,Distant,Moderate,Some crowd,4.1
19.16400782791425,72.96377438395136,Bhandup,Few,Mostly open,No eyes,Distant,Minimal,Deserted,2.3
19.14512447335178,72.97017366439593,Bhandup,None,Not open,No eyes,Distant,Minimal,Some crowd,1.8
19.166853244004717,72.9716482932999,Bhandup,Few,Mostly open,Few eyes,Nearby,None,Some crowd,3.6
19.130139709332106,72.95445778750042,Bhandup,None,Mostly open,No eyes,Nearby,Minimal,Some crowd,3.2
19.15513190596886,72.97229457504694,Bhandup,None,Partially open,Few eyes,Unavailable,Moderate,Deserted,1.8
19.16799287967013,72.96864601337792,Bhandup,Few,Partially open,Few eyes,Distant,None,Some crowd,2.7
19.17703796767447,72.94881989886657,Bhandup,Few,Mostly open,Few eyes,Distant,Minimal,Some crowd,3.6
19.17751706764827,72.95398370606507,Bhandup,Few,Not open,No eyes,Nearby,None,Some crowd,2.3
19.14455198075149,72.98531611253703,Bhandup,Moderate,Not open,No eyes,Distant,None,Few people,1.8
19.140620551710985,72.94781603263671,Bhandup,Few,Partially open,Few eyes,Distant,None,Deserted,1.8
19.16550758562666,72.95185624956912,Bhandup,Few,Not open,No eyes,Unavailable,Moderate,Deserted,1.4
19.13986234430618,72.93979033946647,Bhandup,Few,Not open,No eyes,Distant,None,Some crowd,1.8
19.149076969487243,72.95513498962137,Bhandup,None,Not open,No eyes,Nearby,Moderate,Few people,2.3
19.14619979652217,72.95309635123527,Bhandup,Few,Not open,Few eyes,Nearby,None,Few people,2.3
19.154540930209222,72.98306702473378,Bhandup,Few,Mostly open,No eyes,Nearby,Moderate,Deserted,3.2
19.163969143267096,72.95827287644664,Bhandup,None,Partially open,No eyes,Unavailable,Moderate,Some crowd,2.3
19.15954635416888,72.96135571660429,Bhandup,Moderate,Mostly open,Few eyes,Distant,Moderate,Few people,4.1
19.078105809308116,72.82452171986012,Bandra,Moderate,Not open,Few eyes,Distant,Moderate,Some crowd,3.6
19.047575170922197,72.82016165797397,Bandra,Moderate,Not open,No eyes,Nearby,Minimal,Some crowd,3.2
19.063675469418808,72.83695430896978,Bandra,None,Mostly open,No eyes,Unavailable,Minimal,Deserted,1.4
19.076600411856003,72.82787767241682,Bandra,Few,Not open,Few eyes,Distant,Moderate,Some crowd,3.2
19.07821641666103,72.83520320785621,Bandra,None,Partially open,No eyes,Nearby,None,Deserted,1.4
19.07226417600419,72.82999323205182,Bandra,Moderate,Not open,No eyes,Distant,Minimal,Some crowd,2.7
19.065219133001897,72.82422182328129,Bandra,None,Not open,Few eyes,Distant,Minimal,Some crowd,2.3
19.08272949361764,72.82617943331887,Bandra,Few,Not open,Few eyes,Distant,Moderate,Deserted,2.3
19.071468936847463,72.82102057965271,Bandra,None,Partially open,Few eyes,Distant,Moderate,Deserted,2.3
19.083240314006236,72.83362729818127,Bandra,Moderate,Partially open,No eyes,Distant,Minimal,Few people,2.7
19.076655877095583,72.83816195619727,Bandra,Moderate,Not open,No eyes,Unavailable,Moderate,Some crowd,2.7
19.066853410315076,72.84227861088335,Bandra,Moderate,Partially open,No eyes,Distant,None,Deserted,1.8
19.084034860930142,72.82201340123036,Bandra,Few,Mostly open,No eyes,Unavailable,None,Few people,1.8
19.046562900268828,72.82771345256262,Bandra,Few,Not open,Few eyes,Nearby,Minimal,Some crowd,3.2
19.07480630668732,72.84738350357586,Bandra,Moderate,Partially open,No eyes,Unavailable,Moderate,Some crowd,3.2
19.07832861396288,72.82770716364718,Bandra,None,Mostly open,Few eyes,Nearby,Minimal,Few people,3.2
19.04473612026168,72.83903128056288,Bandra,Few,Mostly open,Few eyes,Unavailable,Minimal,Few people,2.7
19.077285124122195,72.83181866677126,Bandra,Moderate,Not open,No eyes,Distant,Moderate,Deserted,2.3
19.083533887339183,72.81925288957838,Bandra,None,Partially open,No eyes,Unavailable,Moderate,Some crowd,2.3
19.07405202187935,72.8434939222455,Bandra,Moderate,Partially open,No eyes,Unavailable,Moderate,Some crowd,3.2
19.064046337703203,72.8219461877695,Bandra,None,Not open,No eyes,Unavailable,None,Few people,0.5
19.047571664445808,72.82773725744482,Bandra,Few,Mostly open,Few eyes,Unavailable,None,Few people,2.3
19.0411231172805,72.82508337688363,Bandra,None,Partially open,No eyes,Nearby,Minimal,Few people,2.3
19.06064247667209,72.82323628203416,Bandra,Moderate,Mostly open,Few eyes,Nearby,Moderate,Some crowd,5.0
19.057614286154504,72.82260533728834,Bandra,Few,Not open,Few eyes,Distant,None,Some crowd,2.3
19.04132311436355,72.82385606825197,Bandra,None,Partially open,No eyes,Unavailable,None,Few people,0.9
19.05040259243197,72.84562510870906,Bandra,None,Not open,Few eyes,Unavailable,Minimal,Few people,1.4
19.0614657365211,72.82902445567152,Bandra,None,Mostly open,Few eyes,Distant,Moderate,Some crowd,3.6
19.08983616389505,72.83469127927621,Bandra,Few,Mostly open,Few eyes,Unavailable,Moderate,Few people,3.2
19.047429385550007,72.82695731204272,Bandra,None,Partially open,No eyes,Nearby,Minimal,Some crowd,2.7
19.08373209170747,72.82566830969756,Bandra,None,Mostly open,Few eyes,Unavailable,None,Some crowd,2.3
19.05895514816207,72.81863203759988,Bandra,None,Partially open,No eyes,Unavailable,Minimal,Some crowd,1.8
19.08885074093564,72.84488841291152,Bandra,Few,Mostly open,No eyes,Unavailable,Minimal,Some crowd,2.7
19.06533721741132,72.83493838366887,Bandra,Moderate,Partially open,No eyes,Distant,Moderate,Deserted,2.7
19.07263929605643,72.82343701439743,Bandra,Few,Partially open,No eyes,Nearby,Minimal,Few people,2.7
19.05648395114926,72.83759486809306,Bandra,Moderate,Partially open,Few eyes,Nearby,Moderate,Some crowd,4.5
19.084807295321852,72.83500522138857,Bandra,Few,Not open,No eyes,Unavailable,Minimal,Few people,1.4
19.040477364961525,72.838021534129,Bandra,Few,Partially open,No eyes,Unavailable,Moderate,Some crowd,2.7
19.07132306424763,72.82374243774498,Bandra,Few,Not open,Few eyes,Unavailable,Moderate,Few people,2.3
19.072472892713144,72.83815428738102,Bandra,Few,Not open,No eyes,Unavailable,Moderate,Deserted,1.4
19.08802013349838,72.8435816023233,Bandra,Few,Not open,Few eyes,Nearby,Minimal,Deserted,2.3
19.04418940213211,72.8317352552365,Bandra,Moderate,Not open,No eyes,Distant,None,Some crowd,2.3
19.08230018477077,72.82243835533228,Bandra,Moderate,Mostly open,No eyes,Nearby,Moderate,Few people,4.1
19.057948624083064,72.84077618914995,Bandra,Moderate,Mostly open,No eyes,Unavailable,Moderate,Few people,3.2
19.088032937611885,72.8414301060204,Bandra,Few,Not open,No eyes,Unavailable,None,Some crowd,1.4
19.059787410071404,72.83708630213326,Bandra,Few,Partially open,Few eyes,Unavailable,None,Some crowd,2.3
19.06543202694268,72.83140180732394,Bandra,None,Partially open,Few eyes,Nearby,Moderate,Few people,3.2
19.0865141221137,72.84466969169694,Bandra,Few,Not open,Few eyes,Nearby,Moderate,Deserted,2.7
19.07875690408282,72.84322278582596,Bandra,Moderate,Partially open,No eyes,Unavailable,Minimal,Deserted,1.8
19.089459240489703,72.82269941733901,Bandra,Few,Mostly open,Few eyes,Distant,Minimal,Some crowd,3.6
19.08351007302844,72.83362167090328,Bandra,Few,Partially open,Few eyes,Distant,None,Deserted,1.8
19.047721675682844,72.82744509822614,Bandra,Few,Partially open,Few eyes,Distant,Minimal,Some crowd,3.2
19.046825800847603,72.8326386196001,Bandra,None,Partially open,Few eyes,Nearby,Moderate,Few people,3.2
19.086198889746136,72.83993879859446,Bandra,Few,Partially open,Few eyes,Nearby,Minimal,Deserted,2.7
19.045653883028702,72.82074928772545,Bandra,Moderate,Partially open,No eyes,Nearby,Minimal,Some crowd,3.6
19.08434269027538,72.83406134397094,Bandra,Few,Partially open,No eyes,Nearby,None,Few people,2.3
19.08874815310858,72.82128453461804,Bandra,Moderate,Not open,Few eyes,Distant,None,Deserted,1.8
19.080017109639662,72.8344893724699,Bandra,None,Mostly open,No eyes,Distant,Minimal,Deserted,1.8
19.07269499524744,72.8209224956187,Bandra,Few,Mostly open,No eyes,Unavailable,Minimal,Few people,2.3
19.07882422120376,72.83659687828384,Bandra,Moderate,Not open,No eyes,Distant,Moderate,Some crowd,3.2
19.04220836087472,72.84012525886273,Bandra,Few,Mostly open,Few eyes,Nearby,Minimal,Deserted,3.2
19.07579345840469,72.83222073549646,Bandra,Moderate,Not open,No eyes,Distant,None,Deserted,1.4
19.0745790331778,72.84545386393567,Bandra,None,Partially open,Few eyes,Unavailable,Minimal,Some crowd,2.3
19.067554870232804,72.820614551524,Bandra,Moderate,Partially open,Few eyes,Unavailable,Moderate,Deserted,2.7
19.051883212928203,72.83851991016465,Bandra,None,Partially open,Few eyes,Distant,None,Some crowd,2.3
19.04567569575134,72.81821629634427,Bandra,None,Partially open,No eyes,Unavailable,None,Some crowd,1.4
19.0510524716602,72.8350236301747,Bandra,None,Not open,No eyes,Distant,Moderate,Few people,1.8
19.070774317003725,72.82349053006347,Bandra,Few,Mostly open,No eyes,Unavailable,Moderate,Some crowd,3.2
19.088232771557443,72.8282106540448,Bandra,Few,Not open,No eyes,Nearby,Moderate,Deserted,2.3
19.059566567122808,72.82812774406156,Bandra,Few,Partially open,Few eyes,Unavailable,Minimal,Deserted,1.8
19.08532679264648,72.8360932447374,Bandra,Few,Not open,No eyes,Distant,Minimal,Some crowd,2.3
19.06803353765988,72.82037484911346,Bandra,Few,Mostly open,Few eyes,Distant,None,Few people,2.7
19.04562265332011,72.82072941233902,Bandra,Few,Partially open,Few eyes,Unavailable,Moderate,Deserted,2.3
19.054352460292247,72.8206653513726,Bandra,None,Partially open,No eyes,Nearby,Minimal,Some crowd,2.7
19.07965380200299,72.84773944923937,Bandra,Moderate,Partially open,Few eyes,Distant,Moderate,Few people,3.6
19.050607200387155,72.84095288079638,Bandra,None,Not open,Few eyes,Distant,Minimal,Deserted,1.4
19.08729871757919,72.83781157297848,Bandra,None,Not open,No eyes,Nearby,Minimal,Few people,1.8
19.060870409911363,72.8369829124308,Bandra,Few,Mostly open,Few eyes,Distant,Minimal,Deserted,2.7
19.085676502624597,72.82869434514173,Bandra,None,Partially open,No eyes,Nearby,Minimal,Some crowd,2.7
19.042373227903425,72.83810609302128,Bandra,None,Partially open,No eyes,Unavailable,None,Few people,0.9
19.083514390946423,72.84519366598533,Bandra,Moderate,Mostly open,No eyes,Unavailable,Minimal,Some crowd,3.2
19.0457487467513,72.83049386518104,Bandra,Few,Partially open,No eyes,Distant,None,Few people,1.8
19.07871840171909,72.83370698087927,Bandra,Few,Not open,Few eyes,Distant,Moderate,Some crowd,3.2
19.05029947868276,72.84027405500476,Bandra,None,Not open,No eyes,Nearby,None,Some crowd,1.8
19.048176292694045,72.82006519580176,Bandra,Moderate,Partially open,Few eyes,Distant,Minimal,Few people,3.2
19.070583331426125,72.82026983240604,Bandra,Moderate,Not open,No eyes,Unavailable,Minimal,Few people,1.8
19.075095151039275,72.8207849300871,Bandra,Moderate,Mostly open,Few eyes,Distant,Moderate,Deserted,3.6
19.08450195662861,72.84514314077035,Bandra,Moderate,Partially open,Few eyes,Distant,None,Deserted,2.3
19.04034047382125,72.81877037597154,Bandra,Few,Mostly open,Few eyes,Unavailable,Minimal,Few people,2.7
19.064414656029864,72.8280998210858,Bandra,Moderate,Partially open,Few eyes,Nearby,None,Few people,3.2
19.081568202916596,72.83059316273327,Bandra,Moderate,Mostly open,Few eyes,Nearby,Moderate,Few people,4.5
19.089860211649697,72.82906909595326,Bandra,Few,Mostly open,Few eyes,Distant,Moderate,Some crowd,4.1
19.08908707067909,72.83912376622129,Bandra,Few,Partially open,Few eyes,Nearby,Minimal,Few people,3.2
19.04082134884388,72.84620546397062,Bandra,Few,Not open,Few eyes,Nearby,Minimal,Some crowd,3.2
19.058933299165798,72.83610220985354,Bandra,None,Mostly open,No eyes,Nearby,Minimal,Deserted,2.3
19.066849985188654,72.83902266989624,Bandra,Few,Mostly open,Few eyes,Distant,None,Some crowd,3.2
19.04325296539575,72.83488405510093,Bandra,Few,Partially open,Few eyes,Distant,Moderate,Few people,3.2
19.059606868902225,72.81812427810863,Bandra,Few,Mostly open,Few eyes,Nearby,None,Few people,3.2
19.088490957270704,72.83353426604863,Bandra,Few,Mostly open,Few eyes,Unavailable,Minimal,Deserted,2.3
19.043595301250598,72.84678944665163,Bandra,Few,Partially open,No eyes,Unavailable,Moderate,Deserted,1.8
19.06339376619228,72.83668250864368,Khar Road,Moderate,Not open,No eyes,Distant,Moderate,Some crowd,3.2
19.095936828126952,72.84257945678809,Khar Road,None,Mostly open,Few eyes,Unavailable,Moderate,Some crowd,3.2
19.09604608087795,72.83032519895644,Khar Road,Moderate,Mostly open,No eyes,Unavailable,Minimal,Few people,2.7
19.086566062725808,72.8280238586777,Khar Road,None,Not open,No eyes,Unavailable,None,Deserted,0.0
19.095185098593365,72.85159960240914,Khar Road,Moderate,Partially open,Few eyes,Nearby,Minimal,Deserted,3.2
19.09763945033828,72.83710543635793,Khar Road,Moderate,Not open,No eyes,Nearby,Moderate,Few people,3.2
19.09090276000134,72.84551257845769,Khar Road,Moderate,Partially open,Few eyes,Distant,None,Some crowd,3.2
19.080879928822064,72.83174650537732,Khar Road,Few,Not open,No eyes,Unavailable,None,Few people,0.9
19.0958417769756,72.83859088881282,Khar Road,Moderate,Not open,No eyes,Nearby,Minimal,Few people,2.7
19.07707786431845,72.84319137556646,Khar Road,Few,Partially open,Few eyes,Distant,Moderate,Deserted,2.7
19.068022799256443,72.84351887134795,Khar Road,Few,Not open,Few eyes,Nearby,Moderate,Some crowd,3.6
19.07562863949498,72.8310409207203,Khar Road,Few,Mostly open,Few eyes,Distant,Minimal,Deserted,2.7
19.066855244681857,72.83350021903686,Khar Road,Moderate,Partially open,Few eyes,Unavailable,None,Few people,2.3
19.07087315796204,72.85895035238967,Khar Road,None,Partially open,Few eyes,Unavailable,None,Some crowd,1.8
19.086391640606376,72.83619722249055,Khar Road,Moderate,Mostly open,No eyes,Distant,None,Few people,2.7
19.09338984387399,72.85913053744271,Khar Road,Moderate,Not open,No eyes,Nearby,Moderate,Some crowd,3.6
19.088049761687085,72.83842205064533,Khar Road,Few,Partially open,Few eyes,Unavailable,Minimal,Deserted,1.8
19.068102157740626,72.8383797013351,Khar Road,None,Not open,Few eyes,Nearby,Minimal,Some crowd,2.7
19.075290648834304,72.84255352012403,Khar Road,None,Partially open,Few eyes,Unavailable,None,Deserted,0.9
19.08584964546694,72.85064630804251,Khar Road,Moderate,Mostly open,No eyes,Unavailable,None,Few people,2.3
19.07862105747723,72.84621962299107,Khar Road,None,Mostly open,No eyes,Distant,Moderate,Few people,2.7
19.06650200633049,72.83002510792245,Khar Road,None,Partially open,No eyes,Unavailable,Moderate,Deserted,1.4
19.074889344570742,72.84441539992736,Khar Road,Few,Partially open,Few eyes,Nearby,Minimal,Some crowd,3.6
19.087557702029912,72.84016207128417,Khar Road,Moderate,Not open,Few eyes,Distant,Minimal,Some crowd,3.2
19.09274509996226,72.85492692717743,Khar Road,None,Not open,No eyes,Distant,Minimal,Deserted,0.9
19.092436018079816,72.84030437182527,Khar Road,Moderate,Mostly open,No eyes,Unavailable,None,Few people,2.3
19.082133977252862,72.83734300522511,Khar Road,Moderate,Mostly open,Few eyes,Distant,Moderate,Few people,4.1
19.097869760771157,72.83854530458558,Khar Road,Few,Not open,No eyes,Nearby,None,Deserted,1.4
19.07885922686329,72.83296918909613,Khar Road,Few,Not open,No eyes,Unavailable,Moderate,Some crowd,2.3
19.089527071532924,72.83676566892018,Khar Road,Moderate,Not open,Few eyes,Nearby,Minimal,Some crowd,3.6
19.09974333761898,72.84922112483031,Khar Road,Moderate,Partially open,No eyes,Unavailable,Moderate,Few people,2.7
19.068720568884636,72.83505690703612,Khar Road,None,Mostly open,Few eyes,Distant,Minimal,Some crowd,3.2
19.095515087948165,72.8597828388494,Khar Road,None,Partially open,Few eyes,Unavailable,Moderate,Some crowd,2.7
19.083554527524942,72.83523261553356,Khar Road,None,Mostly open,Few eyes,Unavailable,None,Deserted,1.4
19.094740789513896,72.85837891504477,Khar Road,Few,Not open,Few eyes,Unavailable,None,Some crowd,1.8
19.078278602323977,72.84619895177926,Khar Road,None,Partially open,Few eyes,Distant,Moderate,Few people,2.7
19.088467398807317,72.83864000905807,Khar Road,Few,Partially open,No eyes,Unavailable,None,Few people,1.4
19.061623685711687,72.83659825912865,Khar Road,None,Not open,No eyes,Nearby,Minimal,Some crowd,2.3
19.076209246122183,72.82895686597342,Khar Road,Moderate,Not open,Few eyes,Unavailable,Minimal,Deserted,1.8
19.08319623369408,72.84539825143003,Khar Road,Few,Mostly open,Few eyes,Nearby,Moderate,Deserted,3.6
19.071238651524503,72.82978607621264,Khar Road,Few,Not open,Few eyes,Nearby,None,Some crowd,2.7
19.094479352172826,72.84032543949814,Khar Road,Moderate,Not open,No eyes,Distant,None,Few people,1.8
19.06537363729264,72.82869722959734,Khar Road,Moderate,Not open,Few eyes,Nearby,Moderate,Some crowd,4.1
19.090746154087043,72.85722506098526,Khar Road,Moderate,Partially open,Few eyes,Unavailable,Moderate,Few people,3.2
19.070879178835742,72.85156730639818,Khar Road,None,Mostly open,No eyes,Unavailable,None,Deserted,0.9
19.08735298900577,72.84836123692908,Khar Road,Few,Partially open,No eyes,Unavailable,Minimal,Some crowd,2.3
19.07715802246762,72.84258214302069,Khar Road,None,Partially open,Few eyes,Distant,Minimal,Some crowd,2.7
19.099690742131813,72.8344104228351,Khar Road,Moderate,Partially open,No eyes,Nearby,None,Few people,2.7
19.092733041181862,72.83678933084991,Khar Road,Moderate,Partially open,Few eyes,Distant,None,Few people,2.7
19.09494075900542,72.84545757121785,Khar Road,None,Not open,Few eyes,Nearby,Moderate,Few people,2.7
19.09866001543883,72.857159396155,Khar Road,None,Partially open,No eyes,Nearby,Moderate,Few people,2.7
19.07683515182256,72.83311439457103,Khar Road,Few,Not open,No eyes,Nearby,None,Few people,1.8
19.067010710190143,72.83093859325454,Khar Road,Few,Mostly open,No eyes,Distant,Minimal,Some crowd,3.2
19.07421495521406,72.84054517866309,Khar Road,Moderate,Partially open,Few eyes,Distant,None,Some crowd,3.2
19.08694385942603,72.84088582313754,Khar Road,Few,Not open,Few eyes,Nearby,None,Deserted,1.8
19.07933292840321,72.83783892111938,Khar Road,Moderate,Mostly open,Few eyes,Distant,Minimal,Deserted,3.2
19.08057241753014,72.83343858519505,Khar Road,Moderate,Mostly open,No eyes,Nearby,None,Few people,3.2
19.087593057124764,72.84597284736132,Khar Road,Few,Mostly open,Few eyes,Unavailable,Minimal,Deserted,2.3
19.066936284748135,72.8599996677667,Khar Road,Few,Mostly open,Few eyes,Nearby,None,Some crowd,3.6
19.096134760322723,72.83469867274042,Khar Road,Few,Not open,No eyes,Nearby,Moderate,Deserted,2.3
19.09011425842665,72.84654931682854,Khar Road,None,Mostly open,Few eyes,Distant,Minimal,Few people,2.7
19.08613529705175,72.841080277448,Khar Road,None,Partially open,Few eyes,Distant,None,Some crowd,2.3
19.094323300545867,72.82985491185285,Khar Road,None,Mostly open,Few eyes,Distant,Moderate,Deserted,2.7
19.07319399470985,72.84291458493347,Khar Road,None,Not open,Few eyes,Distant,Moderate,Some crowd,2.7
19.086418851580778,72.84442468524078,Khar Road,Moderate,Mostly open,Few eyes,Distant,Minimal,Deserted,3.2
19.066804471536948,72.8306697289991,Khar Road,Few,Mostly open,No eyes,Distant,Moderate,Few people,3.2
19.065327162867494,72.84229452902238,Khar Road,Few,Not open,No eyes,Nearby,Moderate,Some crowd,3.2
19.083594385556825,72.83802342131973,Khar Road,Moderate,Mostly open,No eyes,Distant,Moderate,Deserted,3.2
19.080138266394176,72.84785508868178,Khar Road,Moderate,Partially open,No eyes,Unavailable,Moderate,Deserted,2.3
19.09109917546325,72.83022061177418,Khar Road,Few,Partially open,No eyes,Distant,Minimal,Few people,2.3
19.087743475145757,72.85277212671853,Khar Road,None,Partially open,Few eyes,Distant,None,Some crowd,2.3
19.08596563388553,72.84126499993184,Khar Road,Few,Mostly open,No eyes,Distant,Moderate,Few people,3.2
19.07075997157977,72.85430360276216,Khar Road,Few,Not open,Few eyes,Unavailable,Minimal,Some crowd,2.3
19.07510844354354,72.8296396378984,Khar Road,None,Mostly open,Few eyes,Nearby,Minimal,Some crowd,3.6
19.06316853561996,72.82963664076317,Khar Road,Moderate,Mostly open,No eyes,Nearby,None,Some crowd,3.6
19.085277051572746,72.85356927602227,Khar Road,None,Mostly open,No eyes,Distant,None,Few people,1.8
19.09138708101498,72.85369339121947,Khar Road,None,Partially open,No eyes,Nearby,None,Deserted,1.4
19.09761484813756,72.84322210202788,Khar Road,Few,Partially open,No eyes,Nearby,Minimal,Some crowd,3.2
19.091714026876957,72.83016577960815,Khar Road,Moderate,Mostly open,Few eyes,Nearby,Minimal,Deserted,3.6
19.0775901167633,72.83381727332966,Khar Road,Moderate,Mostly open,No eyes,Distant,Minimal,Some crowd,3.6
19.085306838608545,72.8565249734241,Khar Road,Few,Not open,No eyes,Unavailable,Moderate,Few people,1.8
19.06233757007141,72.837111652407,Khar Road,Moderate,Mostly open,No eyes,Unavailable,Minimal,Few people,2.7
19.063820946833783,72.83931066076232,Khar Road,None,Mostly open,No eyes,Unavailable,Minimal,Deserted,1.4
19.07093859536515,72.85378427377059,Khar Road,Moderate,Mostly open,No eyes,Nearby,Minimal,Few people,3.6
19.067731553245945,72.82935430576045,Khar Road,Moderate,Not open,Few eyes,Unavailable,Moderate,Some crowd,3.2
19.08796153865261,72.83617450435604,Khar Road,Moderate,Not open,Few eyes,Nearby,Minimal,Few people,3.2
19.07945742949397,72.84291674534242,Khar Road,Moderate,Mostly open,Few eyes,Nearby,Minimal,Few people,4.1
19.076737842390944,72.8449822389643,Khar Road,None,Not open,No eyes,Unavailable,Moderate,Deserted,0.9
19.074467718749336,72.83078336727249,Khar Road,Few,Partially open,Few eyes,Nearby,Moderate,Few people,3.6
19.09389920852204,72.84473143813351,Khar Road,None,Mostly open,No eyes,Nearby,None,Few people,2.3
19.09460781358115,72.82800901261689,Khar Road,Moderate,Partially open,No eyes,Nearby,None,Few people,2.7
19.08001880384754,72.8425264159941,Khar Road,Moderate,Not open,No eyes,Distant,Moderate,Deserted,2.3
19.06911339483244,72.84304697061928,Khar Road,None,Partially open,Few eyes,Unavailable,Minimal,Few people,1.8
19.07185242824362,72.8302384189787,Khar Road,Few,Mostly open,Few eyes,Distant,Minimal,Few people,3.2
19.091511586923417,72.85987433608445,Khar Road,None,Mostly open,No eyes,Distant,Moderate,Few people,2.7
19.09585044086902,72.82941497844477,Khar Road,Moderate,Partially open,No eyes,Distant,None,Few people,2.3
19.079668377476484,72.82913809463702,Khar Road,Few,Partially open,No eyes,Nearby,Moderate,Few people,3.2
19.094558832915222,72.85844537784419,Khar Road,Few,Partially open,No eyes,Distant,None,Deserted,1.4
19.08727550221611,72.84391755279962,Khar Road,Moderate,Not open,Few eyes,Distant,Minimal,Deserted,2.3
19.06660657245563,72.83131241698183,Khar Road,Few,Partially open,Few eyes,Distant,Moderate,Some crowd,3.6
19.183149098596704,72.98861011089583,Thane,Moderate,Mostly open,Few eyes,Distant,Moderate,Some crowd,4.5
19.212013756853448,72.96702793521693,Thane,None,Partially open,No eyes,Nearby,None,Few people,1.8
19.21446677512767,72.96229478525629,Thane,Few,Mostly open,No eyes,Nearby,None,Few people,2.7
19.18900250800216,73.00760705102608,Thane,Few,Mostly open,Few eyes,Distant,Moderate,Some crowd,4.1
19.162753606476056,72.96722942235868,Thane,Moderate,Not open,No eyes,Unavailable,Minimal,Some crowd,2.3
19.192078940112854,72.95214401296094,Thane,None,Partially open,Few eyes,Unavailable,None,Some crowd,1.8
19.173554577056105,73.01703231564557,Thane,None,Not open,No eyes,Nearby,Minimal,Few people,1.8
19.20549468763705,73.0075394251749,Thane,Few,Not open,Few eyes,Unavailable,None,Deserted,0.9
19.21761996798446,72.96286958357213,Thane,Moderate,Mostly open,Few eyes,Distant,Minimal,Some crowd,4.1
19.17798209473571,73.00318367273137,Thane,None,Mostly open,No eyes,Nearby,None,Deserted,1.8
19.172903053075043,72.95738923223497,Thane,Few,Not open,Few eyes,Distant,None,Deserted,1.4
19.19626068473448,72.97032056703779,Thane,Moderate,Not open,Few eyes,Nearby,None,Deserted,2.3
19.202188716205104,73.00725241958149,Thane,Moderate,Not open,Few eyes,Unavailable,Minimal,Few people,2.3
19.19640098610081,72.99176725070036,Thane,Few,Partially open,Few eyes,Unavailable,Minimal,Deserted,1.8
19.162225886120087,73.00220294334979,Thane,Moderate,Mostly open,No eyes,Nearby,Minimal,Some crowd,4.1
19.18346770138085,72.99470994943877,Thane,Few,Not open,No eyes,Unavailable,Moderate,Deserted,1.4
19.202497121661448,73.01458203936114,Thane,Moderate,Partially open,No eyes,Unavailable,Moderate,Few people,2.7
19.19468302681153,72.99423418133115,Thane,Moderate,Partially open,No eyes,Nearby,Minimal,Deserted,2.7
19.16457555258098,72.97686001941841,Thane,None,Not open,No eyes,Distant,Minimal,Some crowd,1.8
19.1864520578634,73.0124237144286,Thane,Few,Not open,No eyes,Nearby,None,Few people,1.8
19.195933686914564,73.01965096924188,Thane,Moderate,Not open,No eyes,Distant,Minimal,Few people,2.3
19.179209227664582,73.00788923517759,Thane,None,Partially open,No eyes,Nearby,Minimal,Few people,2.3
19.215501762849417,72.99742810374339,Thane,Moderate,Mostly open,Few eyes,Nearby,Minimal,Some crowd,4.5
19.194771821710987,72.99654940913094,Thane,None,Mostly open,No eyes,Distant,None,Some crowd,2.3
19.206872741914346,72.9626297802655,Thane,Few,Mostly open,No eyes,Distant,Moderate,Some crowd,3.6
19.165587295743872,72.95098234591501,Thane,None,Not open,No eyes,Distant,Moderate,Some crowd,2.3
19.16487117875074,72.99531101625783,Thane,Moderate,Partially open,Few eyes,Distant,Minimal,Some crowd,3.6
19.179682844155344,72.99394718382841,Thane,Few,Mostly open,Few eyes,Nearby,None,Few people,3.2
19.17809973151414,72.95620855452646,Thane,Few,Partially open,Few eyes,Unavailable,Moderate,Few people,2.7
19.184512825739706,73.01099479868591,Thane,None,Not open,No eyes,Distant,Minimal,Few people,1.4
19.20278748138285,73.0094881702155,Thane,Few,Mostly open,Few eyes,Unavailable,Moderate,Deserted,2.7
19.21100132597934,72.98652261284235,Thane,Few,Mostly open,No eyes,Distant,None,Few people,2.3
19.19319338147333,73.00017713561705,Thane,None,Not open,Few eyes,Unavailable,Minimal,Few people,1.4
19.17787022397845,72.96318785489088,Thane,None,Mostly open,Few eyes,Distant,Minimal,Few people,2.7
19.21743412054248,73.00642550829023,Thane,Few,Not open,No eyes,Distant,None,Few people,1.4
19.212565594185644,72.97900111370039,Thane,Few,Not open,No eyes,Nearby,None,Some crowd,2.3
19.17752195772624,73.01810667811326,Thane,Moderate,Partially open,No eyes,Nearby,None,Few people,2.7
19.204252838420835,72.95709677727935,Thane,Few,Partially open,Few eyes,Nearby,Moderate,Few people,3.6
19.16362174549016,72.96036146166603,Thane,Moderate,Mostly open,Few eyes,Unavailable,Minimal,Deserted,2.7
19.213374040036413,73.00350235744716,Thane,None,Partially open,Few eyes,Unavailable,None,Deserted,0.9
19.17654287262509,72.96113363310424,Thane,None,Not open,Few eyes,Nearby,Moderate,Deserted,2.3
19.162701080795784,72.99931952801956,Thane,None,Mostly open,No eyes,Distant,Minimal,Some crowd,2.7
19.18535544619369,73.01218288013504,Thane,Moderate,Mostly open,Few eyes,Distant,Minimal,Few people,3.6
19.17476076028311,73.00269834665998,Thane,None,Not open,Few eyes,Unavailable,None,Few people,0.9
19.166035255555137,72.9947210313648,Thane,Moderate,Not open,Few eyes,Unavailable,Moderate,Deserted,2.3
19.21609577994612,72.9792358045186,Thane,Few,Mostly open,No eyes,Unavailable,Minimal,Deserted,1.8
19.16321596488704,72.99029637330388,Thane,Few,Not open,No eyes,Unavailable,Moderate,Deserted,1.4
19.218576260394244,73.00347521081488,Thane,Few,Partially open,No eyes,Nearby,Moderate,Few people,3.2
19.219423765579503,72.95307242262375,Thane,None,Mostly open,No eyes,Distant,Minimal,Deserted,1.8
19.193829641009675,72.95433686224513,Thane,Few,Mostly open,No eyes,Nearby,None,Deserted,2.3
19.16559088794357,72.96167874558114,Thane,Few,Partially open,Few eyes,Unavailable,None,Deserted,1.4
19.167135889589265,72.99531769066583,Thane,None,Not open,No eyes,Distant,None,Some crowd,1.4
19.16193778781086,73.01044808047746,Thane,Few,Mostly open,Few eyes,Nearby,Minimal,Some crowd,4.1
19.160872618852395,72.95920121188641,Thane,Moderate,Mostly open,No eyes,Distant,Moderate,Few people,3.6
19.16410967899053,72.98427277863759,Thane,Few,Mostly open,Few eyes,Distant,Moderate,Some crowd,4.1
19.191627768967592,73.00663655675498,Thane,Moderate,Partially open,Few eyes,Unavailable,Moderate,Deserted,2.7
19.18768625008804,73.00363423829107,Thane,Few,Mostly open,Few eyes,Nearby,Moderate,Some crowd,4.5
19.17922756465653,73.01108820728462,Thane,Moderate,Mostly open,No eyes,Distant,None,Few people,2.7
19.219888282566416,73.00848723602756,Thane,Moderate,Partially open,Few eyes,Nearby,Moderate,Few people,4.1
19.20594446482143,73.01248420022813,Thane,Few,Mostly open,Few eyes,Distant,Minimal,Few people,3.2
19.19104034467611,72.99063484330473,Thane,Few,Not open,Few eyes,Nearby,Moderate,Deserted,2.7
19.214694338255008,72.96243631351723,Thane,Few,Not open,Few eyes,Distant,Minimal,Few people,2.3
19.2103468969258,73.01068189651555,Thane,Moderate,Not open,Few eyes,Nearby,Minimal,Deserted,2.7
19.219501991672963,73.01276019512734,Thane,None,Mostly open,Few eyes,Distant,None,Some crowd,2.7
19.161480848380155,73.00581537590958,Thane,None,Not open,Few eyes,Unavailable,Minimal,Some crowd,1.8
19.2156867778547,73.01527905366834,Thane,Few,Mostly open,No eyes,Nearby,Minimal,Some crowd,3.6
19.17569657213376,73.00614045933608,Thane,Moderate,Partially open,Few eyes,Unavailable,Moderate,Few people,3.2
19.173282725028532,72.99810338208896,Thane,Few,Mostly open,Few eyes,Unavailable,Minimal,Deserted,2.3
19.19042493840248,72.96880587789474,Thane,Moderate,Not open,No eyes,Nearby,Moderate,Few people,3.2
19.1831251179754,72.96160258737335,Thane,Few,Mostly open,No eyes,Nearby,None,Deserted,2.3
19.205249915960437,72.98770865737796,Thane,None,Mostly open,Few eyes,Distant,None,Deserted,1.8
19.209033805648687,72.99684825800661,Thane,None,Not open,No eyes,Nearby,None,Some crowd,1.8
19.18762983269448,73.01315601915256,Thane,None,Not open,No eyes,Nearby,Minimal,Few people,1.8
19.219256334540077,73.00845245170125,Thane,Few,Mostly open,No eyes,Unavailable,Minimal,Few people,2.3
19.207110303196533,73.01955028496282,Thane,Few,Mostly open,Few eyes,Distant,Moderate,Deserted,3.2
19.21829176880429,72.95035484908236,Thane,Moderate,Not open,No eyes,Distant,None,Some crowd,2.3
19.180174723704805,72.97730102664761,Thane,Moderate,Partially open,No eyes,Nearby,None,Deserted,2.3
19.217956013229315,72.96066695278395,Thane,Few,Partially open,Few eyes,Distant,Moderate,Deserted,2.7
19.218078293061435,73.01522906612877,Thane,Moderate,Mostly open,No eyes,Unavailable,Minimal,Few people,2.7
19.160231383725936,72.9820199133859,Thane,None,Partially open,No eyes,Distant,None,Some crowd,1.8
19.19893420807757,73.0085279776871,Thane,Few,Not open,Few eyes,Nearby,Moderate,Few people,3.2
19.1944689801958,72.98737517078769,Thane,None,Partially open,Few eyes,Distant,Minimal,Some crowd,2.7
19.211060208189664,72.97188885107451,Thane,None,Mostly open,No eyes,Unavailable,Moderate,Few people,2.3
19.19867887646111,72.98094389517478,Thane,Few,Not open,Few eyes,Distant,None,Some crowd,2.3
19.184942289516894,72.95524485824788,Thane,Moderate,Partially open,No eyes,Nearby,Moderate,Few people,3.6
19.17997417350489,72.95904967532049,Thane,Few,Not open,No eyes,Distant,Minimal,Some crowd,2.3
19.21005360682658,72.97926774087064,Thane,Few,Mostly open,No eyes,Nearby,Moderate,Some crowd,4.1
19.19045689085956,73.00712562824889,Thane,Moderate,Partially open,Few eyes,Unavailable,None,Some crowd,2.7
19.21256915887019,72.95253466193944,Thane,Moderate,Partially open,Few eyes,Unavailable,None,Some crowd,2.7
19.199347410724936,72.96061414057753,Thane,None,Not open,No eyes,Unavailable,Minimal,Some crowd,1.4
19.18031058691026,72.98116158174716,Thane,Few,Not open,No eyes,Nearby,Moderate,Deserted,2.3
19.210726219706626,72.99573508345135,Thane,Moderate,Partially open,No eyes,Unavailable,Moderate,Few people,2.7
19.179580407519023,72.9931958620255,Thane,Few,Partially open,No eyes,Nearby,None,Few people,2.3
19.1692966767696,72.96075460443711,Thane,Few,Not open,Few eyes,Distant,None,Deserted,1.4
19.176060560177607,72.97024642281579,Thane,None,Not open,No eyes,Nearby,Moderate,Deserted,1.8
19.16654272630825,72.97144880576259,Thane,None,Mostly open,Few eyes,Distant,None,Some crowd,2.7
19.20583835363077,73.01495946493014,Thane,None,Mostly open,No eyes,Nearby,Moderate,Few people,3.2
19.20005429016905,72.99251218817646,Thane,Moderate,Not open,Few eyes,Unavailable,Moderate,Deserted,2.3
19.21774572745404,72.95052680446068,Thane,Moderate,Not open,Few eyes,Nearby,None,Some crowd,3.2
19.16129318953869,73.01911921179004,Thane,Few,Not open,No eyes,Distant,None,Some crowd,1.8
19.235103126088287,73.1602505210068,Ulhasnagar,Few,Partially open,No eyes,Unavailable,Moderate,Some crowd,2.7
19.22374424752176,73.1502348887558,Ulhasnagar,Few,Not open,Few eyes,Distant,None,Deserted,1.4
19.26357347022754,73.19647363271594,Ulhasnagar,Few,Partially open,No eyes,Unavailable,Moderate,Few people,2.3
19.244477628381087,73.16281383099236,Ulhasnagar,Moderate,Not open,No eyes,Distant,Minimal,Deserted,1.8
19.269280038120925,73.18312720793233,Ulhasnagar,Few,Mostly open,No eyes,Nearby,None,Deserted,2.3
19.2361514864248,73.18600270153138,Ulhasnagar,Few,Mostly open,No eyes,Nearby,Minimal,Deserted,2.7
19.226966744672783,73.16108621585342,Ulhasnagar,None,Mostly open,Few eyes,Unavailable,Moderate,Deserted,2.3
19.251314751726543,73.16868676328885,Ulhasnagar,Few,Partially open,Few eyes,Unavailable,Moderate,Deserted,2.3
19.26234771970028,73.14660586200866,Ulhasnagar,None,Mostly open,No eyes,Distant,None,Some crowd,2.3
19.229922501769774,73.16122927273888,Ulhasnagar,Moderate,Not open,Few eyes,Nearby,Minimal,Some crowd,3.6
19.25629701300512,73.18732327295525,Ulhasnagar,Few,Partially open,Few eyes,Unavailable,Moderate,Deserted,2.3
19.224507583700063,73.18452868256627,Ulhasnagar,None,Not open,Few eyes,Distant,Minimal,Some crowd,2.3
19.2576820727296,73.15937731755717,Ulhasnagar,Few,Partially open,Few eyes,Distant,Minimal,Deserted,2.3
19.24749658643777,73.18929367582541,Ulhasnagar,Few,Partially open,No eyes,Unavailable,Moderate,Few people,2.3
19.250586771565647,73.17001592411408,Ulhasnagar,Few,Not open,No eyes,Unavailable,None,Few people,0.9
19.233567240200557,73.19225998575652,Ulhasnagar,Moderate,Partially open,No eyes,Nearby,Moderate,Some crowd,4.1
19.224305276081108,73.17255126746075,Ulhasnagar,Few,Mostly open,No eyes,Nearby,None,Deserted,2.3
19.26953314120533,73.16060638213621,Ulhasnagar,Few,Mostly open,Few eyes,Nearby,None,Few people,3.2
19.226198300521588,73.1884745640555,Ulhasnagar,None,Partially open,Few eyes,Unavailable,Moderate,Deserted,1.8
19.26853219671652,73.15960843293506,Ulhasnagar,Moderate,Mostly open,Few eyes,Unavailable,Moderate,Few people,3.6
19.24156244588292,73.14422458259422,Ulhasnagar,None,Mostly open,No eyes,Distant,Minimal,Deserted,1.8
19.251896210056863,73.15651053727818,Ulhasnagar,Moderate,Mostly open,Few eyes,Unavailable,Moderate,Some crowd,4.1
19.245232247992654,73.17069781533169,Ulhasnagar,Few,Not open,Few eyes,Unavailable,Moderate,Few people,2.3
19.256726525147016,73.16732556722876,Ulhasnagar,None,Partially open,No eyes,Nearby,Moderate,Some crowd,3.2
19.22704760051393,73.18551653323634,Ulhasnagar,Moderate,Not open,Few eyes,Nearby,Moderate,Some crowd,4.1
19.266032948925567,73.1802970492643,Ulhasnagar,None,Not open,No eyes,Unavailable,Minimal,Deserted,0.5
19.23238612538465,73.15843681786222,Ulhasnagar,Few,Mostly open,No eyes,Unavailable,Minimal,Some crowd,2.7
19.261899045727358,73.14035522947219,Ulhasnagar,None,Not open,No eyes,Nearby,Moderate,Few people,2.3
19.24884891295719,73.15135387762457,Ulhasnagar,Moderate,Not open,No eyes,Nearby,None,Some crowd,2.7
19.24399331030489,73.1543085825377,Ulhasnagar,Few,Partially open,No eyes,Distant,Minimal,Some crowd,2.7
19.24501745752884,73.14934323542762,Ulhasnagar,None,Partially open,No eyes,Nearby,Moderate,Few people,2.7
19.25675928618441,73.14678694717519,Ulhasnagar,Few,Mostly open,Few eyes,Nearby,Minimal,Deserted,3.2
19.26477472736137,73.18109707523317,Ulhasnagar,Few,Partially open,Few eyes,Unavailable,Moderate,Some crowd,3.2
19.24278126684637,73.1785903758477,Ulhasnagar,None,Not open,No eyes,Unavailable,Minimal,Some crowd,1.4
19.24530821494634,73.16499900365216,Ulhasnagar,None,Partially open,Few eyes,Unavailable,None,Few people,1.4
19.2376893012818,73.16259364909237,Ulhasnagar,Moderate,Not open,Few eyes,Nearby,Moderate,Deserted,3.2
19.22073129690277,73.15761211208539,Ulhasnagar,Few,Not open,No eyes,Distant,Moderate,Few people,2.3
19.248057854377784,73.14589147217465,Ulhasnagar,Few,Not open,Few eyes,Nearby,Minimal,Deserted,2.3
19.258856972512078,73.19979535757815,Ulhasnagar,Moderate,Not open,Few eyes,Unavailable,None,Some crowd,2.3
19.266640656589185,73.14452574872001,Ulhasnagar,Moderate,Partially open,No eyes,Distant,Minimal,Deserted,2.3
19.259326927981807,73.17260979405839,Ulhasnagar,None,Mostly open,Few eyes,Distant,None,Few people,2.3
19.23953760831992,73.16971336815297,Ulhasnagar,None,Not open,Few eyes,Unavailable,None,Some crowd,1.4
19.248286793062807,73.15031254170906,Ulhasnagar,None,Partially open,Few eyes,Distant,Minimal,Few people,2.3
19.269791229504204,73.17919716555181,Ulhasnagar,Few,Partially open,No eyes,Unavailable,None,Deserted,0.9
19.26857557284409,73.14701764029418,Ulhasnagar,Few,Partially open,No eyes,Unavailable,None,Few people,1.4
19.220990325661248,73.15244725542671,Ulhasnagar,Few,Mostly open,Few eyes,Distant,None,Few people,2.7
19.234798201810165,73.17277101432597,Ulhasnagar,None,Not open,No eyes,Nearby,Minimal,Deserted,1.4
19.25616534979825,73.19008648407755,Ulhasnagar,Few,Not open,Few eyes,Unavailable,Moderate,Few people,2.3
19.26649337971285,73.14814662137626,Ulhasnagar,Few,Mostly open,Few eyes,Distant,Moderate,Few people,3.6
19.243033315812465,73.19235678637732,Ulhasnagar,Few,Mostly open,No eyes,Unavailable,None,Deserted,1.4
19.233695244957843,73.19474710033784,Ulhasnagar,None,Partially open,Few eyes,Nearby,Minimal,Deserted,2.3
19.258566825872045,73.1670478694005,Ulhasnagar,None,Partially open,No eyes,Distant,Moderate,Few people,2.3
19.235734026513487,73.14560208457188,Ulhasnagar,Few,Not open,No eyes,Unavailable,Moderate,Few people,1.8
19.262602103679228,73.14505745848335,Ulhasnagar,None,Not open,No eyes,Distant,Moderate,Few people,1.8
19.222090954282464,73.18278921196344,Ulhasnagar,Moderate,Partially open,Few eyes,Distant,None,Deserted,2.3
19.264649607863102,73.14808738448389,Ulhasnagar,Few,Partially open,Few eyes,Unavailable,Minimal,Few people,2.3
19.26239399358614,73.18603436592845,Ulhasnagar,Moderate,Not open,No eyes,Unavailable,None,Few people,1.4
19.246839705813795,73.17666315750583,Ulhasnagar,Few,Partially open,No eyes,Distant,Minimal,Deserted,1.8
19.24051427557261,73.18553451213687,Ulhasnagar,Few,Mostly open,No eyes,Unavailable,Minimal,Few people,2.3
19.26893603663721,73.16515868145449,Ulhasnagar,Moderate,Mostly open,Few eyes,Unavailable,Moderate,Few people,3.6
19.23541008512808,73.15919044744403,Ulhasnagar,Moderate,Mostly open,Few eyes,Unavailable,Minimal,Few people,3.2
19.222280600604343,73.1557882806252,Ulhasnagar,Few,Mostly open,No eyes,Nearby,None,Some crowd,3.2
19.24600389062408,73.19085491802541,Ulhasnagar,Moderate,Partially open,Few eyes,Distant,Minimal,Deserted,2.7
19.266213541743696,73.19229438716206,Ulhasnagar,None,Partially open,Few eyes,Distant,None,Deserted,1.4
19.240424682838576,73.17861859652773,Ulhasnagar,None,Partially open,Few eyes,Nearby,None,Deserted,1.8
19.26303497995769,73.17070546503311,Ulhasnagar,None,Partially open,No eyes,Distant,None,Deserted,0.9
19.258496505635826,73.19379460186872,Ulhasnagar,Few,Not open,Few eyes,Nearby,Minimal,Some crowd,3.2
19.24737884128323,73.14458387430018,Ulhasnagar,Few,Mostly open,No eyes,Unavailable,Minimal,Deserted,1.8
19.22395282095505,73.17125655002299,Ulhasnagar,Few,Partially open,Few eyes,Unavailable,None,Some crowd,2.3
19.25520866640556,73.16404497357946,Ulhasnagar,Moderate,Mostly open,Few eyes,Nearby,Minimal,Few people,4.1
19.22943576085415,73.19942831719375,Ulhasnagar,Moderate,Mostly open,Few eyes,Unavailable,Moderate,Some crowd,4.1
19.22775908988738,73.17646930429018,Ulhasnagar,Few,Mostly open,Few eyes,Nearby,None,Deserted,2.7
19.266721168520977,73.16007932037586,Ulhasnagar,Few,Mostly open,Few eyes,Nearby,None,Deserted,2.7
19.25733738447031,73.17515538031026,Ulhasnagar,None,Mostly open,No eyes,Nearby,None,Some crowd,2.7
19.22066197239481,73.17845895341426,Ulhasnagar,Moderate,Not open,No eyes,Unavailable,None,Deserted,0.9
19.244946552508225,73.19700632931993,Ulhasnagar,Moderate,Mostly open,Few eyes,Nearby,Moderate,Few people,4.5
19.24613986056293,73.19529623092602,Ulhasnagar,Moderate,Mostly open,No eyes,Nearby,Moderate,Few people,4.1
19.22430369254946,73.14353272579267,Ulhasnagar,None,Mostly open,No eyes,Unavailable,Moderate,Few people,2.3
19.236019915611056,73.17171361181164,Ulhasnagar,Moderate,Not open,Few eyes,Unavailable,Minimal,Deserted,1.8
19.23392239094772,73.17630499825958,Ulhasnagar,Few,Partially open,No eyes,Unavailable,Minimal,Deserted,1.4
19.26345992127914,73.15595981582872,Ulhasnagar,None,Not open,Few eyes,Distant,Minimal,Deserted,1.4
19.249890947442527,73.14421397160646,Ulhasnagar,Few,Not open,Few eyes,Unavailable,Minimal,Some crowd,2.3
19.25736121448844,73.1407338116046,Ulhasnagar,Few,Mostly open,No eyes,Unavailable,Minimal,Some crowd,2.7
19.245973642947312,73.14935882026288,Ulhasnagar,Few,Not open,Few eyes,Unavailable,Minimal,Some crowd,2.3
19.225337534756623,73.18668924703695,Ulhasnagar,Few,Not open,No eyes,Unavailable,Minimal,Few people,1.4
19.2327446608862,73.19132976421204,Ulhasnagar,None,Partially open,Few eyes,Nearby,None,Some crowd,2.7
19.24911980804722,73.19161138403283,Ulhasnagar,Few,Partially open,No eyes,Unavailable,None,Few people,1.4
19.24352843589611,73.15880759163839,Ulhasnagar,None,Mostly open,Few eyes,Distant,Minimal,Some crowd,3.2
19.234315592135907,73.17839963779367,Ulhasnagar,None,Mostly open,No eyes,Distant,Moderate,Some crowd,3.2
19.254223672878343,73.19115475279983,Ulhasnagar,Moderate,Not open,Few eyes,Nearby,Moderate,Deserted,3.2
19.23987973064229,73.17218450858745,Ulhasnagar,None,Mostly open,Few eyes,Unavailable,Moderate,Deserted,2.3
19.251396750472743,73.19123173848307,Ulhasnagar,None,Not open,Few eyes,Distant,Minimal,Some crowd,2.3
19.254623461336735,73.15874068866836,Ulhasnagar,None,Partially open,Few eyes,Unavailable,None,Deserted,0.9
19.26860257348891,73.15310744050726,Ulhasnagar,Moderate,Partially open,No eyes,Distant,Moderate,Some crowd,3.6
19.251950683560786,73.15356470294518,Ulhasnagar,None,Partially open,No eyes,Unavailable,None,Some crowd,1.4
19.24402799247217,73.14658182145158,Ulhasnagar,None,Partially open,No eyes,Distant,None,Deserted,0.9
19.264272420195297,73.17963639401918,Ulhasnagar,None,Not open,No eyes,Nearby,None,Some crowd,1.8
19.25788661909805,73.1846725276306,Ulhasnagar,Moderate,Partially open,No eyes,Nearby,Minimal,Deserted,2.7
19.255002945674143,73.1587191618666,Ulhasnagar,Moderate,Partially open,Few eyes,Nearby,Moderate,Few people,4.1
19.255322764570764,73.15280530506055,Ulhasnagar,Moderate,Not open,Few eyes,Unavailable,Minimal,Some crowd,2.7
